{
    "$schema": "https://schema.management.azure.com/schemas/2015-01-01/deploymentParameters.json#",
    "contentVersion": "1.0.0.0",
    "parameters": {
        "workspaces_Fake_News_Detection_name": {
            "value": null
        },
        "storageAccounts_fakenewsdetect2870060346_externalid": {
            "value": null
        },
        "vaults_fakenewsdetect3889599624_externalid": {
            "value": null
        },
        "components_fakenewsdetect1664457488_externalid": {
            "value": null
        },
        "registries_9364b08002c2438faddf14e802835203_externalid": {
            "value": null
        }
    }
}