{
    "$schema": "https://schema.management.azure.com/schemas/2019-04-01/deploymentTemplate.json#",
    "contentVersion": "1.0.0.0",
    "parameters": {
        "workspaces_Fake_News_Detection_name": {
            "defaultValue": "Fake_News_Detection",
            "type": "String"
        },
        "storageAccounts_fakenewsdetect2870060346_externalid": {
            "defaultValue": "/subscriptions/c7c74aef-915c-4155-babc-a3b018096654/resourceGroups/Micro_Prject/providers/Microsoft.Storage/storageAccounts/fakenewsdetect2870060346",
            "type": "String"
        },
        "vaults_fakenewsdetect3889599624_externalid": {
            "defaultValue": "/subscriptions/c7c74aef-915c-4155-babc-a3b018096654/resourceGroups/Micro_Prject/providers/Microsoft.Keyvault/vaults/fakenewsdetect3889599624",
            "type": "String"
        },
        "components_fakenewsdetect1664457488_externalid": {
            "defaultValue": "/subscriptions/c7c74aef-915c-4155-babc-a3b018096654/resourceGroups/Micro_Prject/providers/Microsoft.insights/components/fakenewsdetect1664457488",
            "type": "String"
        },
        "registries_9364b08002c2438faddf14e802835203_externalid": {
            "defaultValue": "/subscriptions/c7c74aef-915c-4155-babc-a3b018096654/resourceGroups/Micro_Prject/providers/Microsoft.ContainerRegistry/registries/9364b08002c2438faddf14e802835203",
            "type": "String"
        }
    },
    "variables": {},
    "resources": [
        {
            "type": "Microsoft.MachineLearningServices/workspaces",
            "apiVersion": "2023-10-01",
            "name": "[parameters('workspaces_Fake_News_Detection_name')]",
            "location": "eastus",
            "sku": {
                "name": "Basic",
                "tier": "Basic"
            },
            "kind": "Default",
            "identity": {
                "type": "SystemAssigned"
            },
            "properties": {
                "friendlyName": "[parameters('workspaces_Fake_News_Detection_name')]",
                "storageAccount": "[parameters('storageAccounts_fakenewsdetect2870060346_externalid')]",
                "keyVault": "[parameters('vaults_fakenewsdetect3889599624_externalid')]",
                "applicationInsights": "[parameters('components_fakenewsdetect1664457488_externalid')]",
                "hbiWorkspace": false,
                "managedNetwork": {
                    "isolationMode": "Disabled"
                },
                "v1LegacyMode": false,
                "containerRegistry": "[parameters('registries_9364b08002c2438faddf14e802835203_externalid')]",
                "publicNetworkAccess": "Enabled",
                "discoveryUrl": "https://eastus.api.azureml.ms/discovery"
            }
        },
        {
            "type": "Microsoft.MachineLearningServices/workspaces/datastores",
            "apiVersion": "2023-10-01",
            "name": "[concat(parameters('workspaces_Fake_News_Detection_name'), '/azureml_globaldatasets')]",
            "dependsOn": [
                "[resourceId('Microsoft.MachineLearningServices/workspaces', parameters('workspaces_Fake_News_Detection_name'))]"
            ],
            "properties": {
                "credentials": {
                    "credentialsType": "Sas",
                    "secrets": {}
                }
            }
        },
        {
            "type": "Microsoft.MachineLearningServices/workspaces/datastores",
            "apiVersion": "2023-10-01",
            "name": "[concat(parameters('workspaces_Fake_News_Detection_name'), '/workspaceartifactstore')]",
            "dependsOn": [
                "[resourceId('Microsoft.MachineLearningServices/workspaces', parameters('workspaces_Fake_News_Detection_name'))]"
            ],
            "properties": {
                "credentials": {
                    "credentialsType": "AccountKey",
                    "secrets": {}
                }
            }
        },
        {
            "type": "Microsoft.MachineLearningServices/workspaces/datastores",
            "apiVersion": "2023-10-01",
            "name": "[concat(parameters('workspaces_Fake_News_Detection_name'), '/workspaceblobstore')]",
            "dependsOn": [
                "[resourceId('Microsoft.MachineLearningServices/workspaces', parameters('workspaces_Fake_News_Detection_name'))]"
            ],
            "properties": {
                "credentials": {
                    "credentialsType": "AccountKey",
                    "secrets": {}
                }
            }
        },
        {
            "type": "Microsoft.MachineLearningServices/workspaces/datastores",
            "apiVersion": "2023-10-01",
            "name": "[concat(parameters('workspaces_Fake_News_Detection_name'), '/workspacefilestore')]",
            "dependsOn": [
                "[resourceId('Microsoft.MachineLearningServices/workspaces', parameters('workspaces_Fake_News_Detection_name'))]"
            ],
            "properties": {
                "credentials": {
                    "credentialsType": "AccountKey",
                    "secrets": {}
                }
            }
        },
        {
            "type": "Microsoft.MachineLearningServices/workspaces/datastores",
            "apiVersion": "2023-10-01",
            "name": "[concat(parameters('workspaces_Fake_News_Detection_name'), '/workspaceworkingdirectory')]",
            "dependsOn": [
                "[resourceId('Microsoft.MachineLearningServices/workspaces', parameters('workspaces_Fake_News_Detection_name'))]"
            ],
            "properties": {
                "credentials": {
                    "credentialsType": "AccountKey",
                    "secrets": {}
                }
            }
        }
    ]
}